vehicle_type,total_bookings,successful,cancelled,revenue_earned,avg_fare,avg_distance,completion_rate,cancel_rate,revenue_lost
Prime Plus,7230,4790,1981,4895388.81,1022.0018392484342,25.15286847599165,66.25,27.4,2027236.54
Bike,7204,4840,1949,4941984.02,1021.0710785123966,25.40924173553719,67.18,27.05,1994489.66
Prime Sedan,7160,4778,1930,4905303.61,1026.6437023859355,25.496320636249475,66.73,26.96,1975046.2
Prime SUV,7125,4758,1920,4876259.68,1024.85491382934,25.40086591004624,66.78,26.95,1964812.8
eBike,7083,4748,1878,4875942.18,1026.946541701769,25.333409856781802,67.03,26.51,1921832.52
Auto,7080,4777,1849,4860882.01,1017.5595583001883,25.743981578396482,67.47,26.12,1892155.66
Mini,6984,4712,1857,4826956.03,1024.396441001698,25.585227079796265,67.47,26.59,1900342.38
